{
  "project_info": {
    "project_number": "472002102",
    "firebase_url": "https://women-safety-3c80d-default-rtdb.firebaseio.com",
    "project_id": "women-safety-3c80d",
    "storage_bucket": "women-safety-3c80d.appspot.com"
  },
  "client": [
    {
      "client_info": {
        "mobilesdk_app_id": "1:472002102:android:b688605b616241e2cb7297",
        "android_client_info": {
          "package_name": "com.example.eventmanegmentsystem"
        }
      },
      "oauth_client": [
        {
          "client_id": "472002102-kjv8280o3qre96ctajn291p077mhel7l.apps.googleusercontent.com",
          "client_type": 1,
          "android_info": {
            "package_name": "com.example.eventmanegmentsystem",
            "certificate_hash": "8b983f4a73e4b57a4a023275a2fb47f903646823"
          }
        },
        {
          "client_id": "472002102-kcktq2fajnqbe9n76bdndottf8aav5a7.apps.googleusercontent.com",
          "client_type": 3
        }
      ],
      "api_key": [
        {
          "current_key": "AIzaSyBQBxVRAjhwUjHb471VpdKZAMwSKk98nzc"
        }
      ],
      "services": {
        "appinvite_service": {
          "other_platform_oauth_client": [
            {
              "client_id": "472002102-kcktq2fajnqbe9n76bdndottf8aav5a7.apps.googleusercontent.com",
              "client_type": 3
            }
          ]
        }
      }
    },
    {
      "client_info": {
        "mobilesdk_app_id": "1:472002102:android:1ab5a43bf5dc33decb7297",
        "android_client_info": {
          "package_name": "com.example.tourismAppAdmin"
        }
      },
      "oauth_client": [
        {
          "client_id": "472002102-h2l5nsh9ji7h72j9ddfr49oc3vugfj1r.apps.googleusercontent.com",
          "client_type": 1,
          "android_info": {
            "package_name": "com.example.tourismAppAdmin",
            "certificate_hash": "8b983f4a73e4b57a4a023275a2fb47f903646823"
          }
        },
        {
          "client_id": "472002102-kcktq2fajnqbe9n76bdndottf8aav5a7.apps.googleusercontent.com",
          "client_type": 3
        }
      ],
      "api_key": [
        {
          "current_key": "AIzaSyBQBxVRAjhwUjHb471VpdKZAMwSKk98nzc"
        }
      ],
      "services": {
        "appinvite_service": {
          "other_platform_oauth_client": [
            {
              "client_id": "472002102-kcktq2fajnqbe9n76bdndottf8aav5a7.apps.googleusercontent.com",
              "client_type": 3
            }
          ]
        }
      }
    },
    {
      "client_info": {
        "mobilesdk_app_id": "1:472002102:android:c3e92dbba8d1696acb7297",
        "android_client_info": {
          "package_name": "com.example.tourismapp"
        }
      },
      "oauth_client": [
        {
          "client_id": "472002102-tl1vifvfkqiurvp1lirl1apusamvv7ir.apps.googleusercontent.com",
          "client_type": 1,
          "android_info": {
            "package_name": "com.example.tourismapp",
            "certificate_hash": "8b983f4a73e4b57a4a023275a2fb47f903646823"
          }
        },
        {
          "client_id": "472002102-kcktq2fajnqbe9n76bdndottf8aav5a7.apps.googleusercontent.com",
          "client_type": 3
        }
      ],
      "api_key": [
        {
          "current_key": "AIzaSyBQBxVRAjhwUjHb471VpdKZAMwSKk98nzc"
        }
      ],
      "services": {
        "appinvite_service": {
          "other_platform_oauth_client": [
            {
              "client_id": "472002102-kcktq2fajnqbe9n76bdndottf8aav5a7.apps.googleusercontent.com",
              "client_type": 3
            }
          ]
        }
      }
    }
  ],
  "configuration_version": "1"
}